model,Exact Match Ratio,Hamming loss,Recall,Precision,F1
ResNet152,0.5013380909901873,0.5013380909901873,0.5022301516503123,0.5019327980969372,0.5020517395182872
ResNet18,0.47368421052631576,0.47368421052631576,0.47636039250669043,0.4748736247398156,0.4753196550698781
densenet121,0.5138269402319358,0.5138269402319358,0.5138269402319358,0.5138269402319358,0.5138269402319358
densenet161,0.5209634255129348,0.5209634255129348,0.5209634255129348,0.5209634255129348,0.5209634255129348
effnet,0.5209634255129348,0.5209634255129348,0.5209634255129348,0.5209634255129348,0.5209634255129348
vit,0.5209634255129348,0.5209634255129348,0.5209634255129348,0.5209634255129348,0.5209634255129348
