model,accuracy,precision (macro),precision (micro),recall (macro),recall (micro),F1 (macro),F1 (micro)
resnet152,0.914756735022115,0.9135391668684985,0.914756735022115,0.9149797341567457,0.914756735022115,0.9135170308858263,0.914756735022115
resnet18,0.9324487334137516,0.9364395683829028,0.9324487334137516,0.9325769717023341,0.9324487334137516,0.9328405392071432,0.9324487334137516
densenet121,0.8729392842782469,0.8877542269051704,0.8729392842782469,0.8729318434374614,0.8729392842782469,0.874157343394376,0.8729392842782469
densenet161,0.9163650985122638,0.9176693018481324,0.9163650985122638,0.9165862812281351,0.9163650985122638,0.915666940542067,0.9163650985122638
effnet,0.9312424607961399,0.9336196097148203,0.9312424607961399,0.931397668569198,0.9312424607961399,0.9313793428753727,0.9312424607961399
vit,0.8942501005227181,0.9126124612386575,0.8942501005227181,0.8941786421262681,0.8942501005227181,0.8956732169849325,0.8942501005227181
